pregunta;categoria;opcion1;opcion2;opcion3;opcion4;opcion5;opcion6;opcion7;opcion8;correctas;explicacion
De acuerdo al Proceso Unificado, de los siguientes ¿Cuales son flujo de trabajo de soporte?;Proceso Unificado;Identificar las HU a incluir en el Sprint;Gestion de la configuracion;Despliegue;Construccion;Entorno de desarrollo;Pruebas;;;"2;5";" Flujos de Trabajo (Disciplinas) de Soporte en el Proceso Unificado
Explicación: El Proceso Unificado clasifica sus flujos de trabajo (disciplinas) en dos categorías [cite: 18]:
Flujos de Ingeniería (Core): Requisitos, Análisis, Diseño, Implementación, Pruebas y Despliegue [cite: 18].
Flujos de Soporte: Gestión de cambios y configuración (2), Gestión de proyecto, y Ambiente o entorno de desarrollo (5) [cite: 18].
¿Por qué no las otras? ""Despliegue"", ""Construcción"" (Implementación) y ""Pruebas"" son flujos de ingeniería primarios [cite: 18]. ""Identificar las HU a incluir en el Sprint"" es una práctica propia de Scrum (metodología ágiles) y no pertenece al Proceso Unificado tradicional [cite: 1, 18]."
Casos de Uso. Relacione las siguientes afirmaciones con sus correspondientes conceptos. Un mismo concepto se puede aplicar a varias afirmaciones.;Modelado de Sistemas;"¿Cuáles son las condiciones que describen en qué situación debe quedar el sistema y
su entorno una vez que el caso de uso haya finalizado con éxito?";"La instancia de un caso de uso, que es una secuencia específica de acciones que
ilustra un recorrido específico y detallado, se denomina:";"¿Quién inicia un caso de uso y persigue el objetivo o resultado de valor que
proporciona el mismo?";"¿Cómo se le llama al conjunto de escenarios en los que el usuario busca un mismo
objetivo?";"El modelo que contiene todos los actores, Casos de Uso y sus relaciones se
denomina:";¿Cómo se denomina a la persona que, cuando usa el sistema, asume un rol?;;;"""Postcondicion;Escenario;Actor primario;Caso de Uso;Modelo de CU; Usuario""";"1. Caso de Uso
Es una secuencia de interacciones entre un sistema y un actor (alguien o algo externo que interactúa con él), diseñada para proporcionarle un resultado identificable de valor
. Un caso de uso describe qué hace un sistema desde la perspectiva de un usuario, abstrayéndose por completo de los detalles técnicos o de implementación
. Representa una meta u objetivo completo del usuario (por ejemplo, Inscribirse en clase) y, estructuralmente, agrupa a un conjunto de escenarios relacionados (tanto el camino principal de éxito como las alternativas y excepciones)
.
2. Escenario
Es una instancia de un caso de uso
. Representa un recorrido o ""camino"" específico, detallado y lineal a través del flujo de eventos del caso de uso
. A diferencia del caso de uso (que agrupa todas las posibles ramificaciones lógicas), un escenario individual ilustra una única secuencia de acciones sin toma de decisiones
. Los escenarios se dividen principalmente en:
Escenario Principal (o básico): El camino común, feliz y exitoso
.
Escenarios Alternativos o de Excepción: Las variaciones lógicas del flujo (por ejemplo, qué sucede si una tarjeta de crédito es rechazada)
.
3. Actor Primario
Es aquel rol que inicia la interacción con el sistema con la intención de alcanzar un objetivo específico (el cual, por lo general, le da el nombre al caso de uso)
. El actor primario es clave para el analista porque es quien persigue el resultado de valor que proporciona el caso de uso y de quien se obtienen los detalles esenciales sobre lo que el sistema debe hacer
.
4. Usuario
Es la persona física y concreta del mundo real que interactúa de manera directa con la aplicación
. Existe una distinción fundamental entre ""Usuario"" y ""Actor"": el Actor es un elemento de diseño abstracto que representa un rol frente al sistema, mientras que el Usuario es el individuo que asume ese rol en la vida real
. Una única persona (usuario) puede desempeñar distintos roles (actores) según la tarea que esté realizando (por ejemplo, un empleado que a veces actúa como Vendedor y otras como Administrador)
.
5. Postcondición
Son las condiciones o cláusulas que describen en qué estado o situación exacta deben quedar el sistema y su entorno una vez que el caso de uso ha finalizado con éxito
. Las postcondiciones aseguran la consistencia del sistema al documentar explícitamente qué datos fueron creados o actualizados, qué resultados concretos recibió el actor y qué transmisiones se enviaron a otros sistemas externos
.
6. Modelo de Casos de Uso (Modelo de CU)
Es un modelo lógico y conceptual que describe la totalidad del comportamiento propuesto para el sistema desde la perspectiva de los usuarios externos
. Está compuesto por el conjunto de todos los actores, los casos de uso definidos y las relaciones lógicas existentes entre ellos (comunicación, inclusión, extensión y generalización)
. Sirve como el principal canal de comunicación entre el equipo de negocios (clientes y usuarios) y el equipo de desarrollo para acordar los límites del alcance del software"
"De qué tipo es el siguiente requisito: ""El MHC-PMS estará disponible para todas las clínicas durante las horas normales de trabajo (lunes a viernes, 08:30 - 17:30). El tiempo de inactividad dentro de las horas normales de trabajo no excederá de cinco segundos en el día""";Ingeniería de Requisitos;No Funcional Organizacional;No Funcional Externo;Funcional;No Funcional del Producto;;;;;4;Al tratarse de una restricción directa sobre el comportamiento de operación del software (disponibilidad y tolerancia a fallos/fiabilidad), se clasifica como un Requisito No Funcional del Producto (Product Requirement) bajo el estándar de Sommerville.
Cuando se inicia un Proyecto de Sistema, lo primero que se debe identificar son los:;Gestión de Proyectos;Requisitos Funcionales;Requerimientos del Usuario;Requerimientos del Negocio;Requisitos del Software;;;;;3;Antes de entrar en detalles técnicos sobre el funcionamiento del software (requisitos funcionales) o lo que el usuario final desea realizar (requisitos del usuario), se debe establecer el por qué se realiza la inversión. Es decir, se debe comprender el requerimiento del negocio que define las metas comerciales o estratégicas que justifican el proyecto.
Cuando en la ERS todos los requisitos reflejan alguna necesidad real, entonces cumplen con el atributo:;Ingeniería de Requisitos;Correcta;Priorizada;No ambigua;Completa;;;;;1;Bajo el estándar IEEE 830, una ERS es correcta si y solo si cada requisito formulado en ella representa una necesidad real que el software debe satisfacer. Si hay requisitos inventados o que no responden al negocio, el documento deja de ser correcto.
Orientación a Objetos. Relacione las siguientes afirmaciones con sus correspondientes conceptos. Un mismo concepto se puede aplicar a varias afirmaciones.;Orientación a Objetos;Cualidad de los objetos de ocultar detalles de implementación y su estado interno.;"Se utilizan para representar aquellas características propias del objeto y a los objetos
con los que deberá colaborar a lo largo de su vida.";Indica qué sabe hacer el objeto, cuáles son sus responsabilidades.;"Mecanismo que permite definir e invocar funciones idénticas en denominación e
interfaz, pero con implementación diferente.";Plantilla para construir (instanciar) objetos.;;;;"""Encapsulamiento;Atributos;Comportamiento;Polimorfismo;Clase""";"Clase vs. Objeto: La clase es el molde o plantilla de diseño; el objeto es la instancia física y concreta que se fabrica con ese molde. Los objetos no son independientes, colaboran enviándose mensajes entre sí.
Encapsulamiento: Capacidad de ocultar el estado interno (atributos) y el código de implementación de un objeto, permitiendo el acceso solo mediante sus métodos públicos.
Atributos e Instancia: Características que definen el estado propio del objeto y con quién colabora.
Comportamiento: Métodos o acciones que definen qué sabe hacer el objeto (sus responsabilidades).
Polimorfismo: Capacidad de objetos de distintas clases para responder a un mismo mensaje (métodos con el mismo nombre) ejecutando su propio comportamiento específico."
En el Proceso Unificado, cuales de las siguientes actividades pertenecen al flujo de trabajo o disciplina Análisis:;Proceso Unificado;Encontrar Actores y Casos de Uso;Analizar un Paquete;Analizar la Interfaz de Usuario;Analizar la Estructura del modelo de casos de uso;Analizar una Clase;Analizar un caso de uso;;;"2;5;6";"De acuerdo con el flujo de Análisis en el PU, el objetivo es comprender el sistema desde una perspectiva interna de desarrollo [cite: 11, 12]. Las actividades oficiales de esta disciplina son [cite: 13]:
Análisis de la arquitectura (Identificar paquetes de análisis y clases de entidad obvias) [cite: 13].
Analizar (refinar) un caso de uso (6) [cite: 13].
Analizar una clase (5) [cite: 13].
Analizar un paquete (2) [cite: 13].
¿Por qué no las otras? ""Encontrar Actores y Casos de Uso"" y ""Estructurar (analizar la estructura) el modelo de casos de uso"" pertenecen al flujo de Captura de Requisitos [cite: 10]. Analizar el diseño detallado de la interfaz de usuario pertenece al flujo de Diseño o a actividades preliminares de requisitos [cite: 10, 18]."
Para definir cuanto y como modelar se debe considerar:;Modelado de Sistemas;No es necesario evaluar o considerar nada, siempre se debe utilizar herramientas sofisticadas y modelar de manera precisa.;No es necesario evaluar o considerar nada, siempre se debe utilizar herramientas simples y modelar minimamente.;La envergadura y/o complejidad del producto o sistema a construir.;La cantidad de personas que conforman el equipo de trabajo.;La experiencia que tiene el jefe de proyecto.;La explotacion que se haga de los modelos.;;;"3;6";"Definir Cuánto y Cómo Modelar en un Proyecto
Explicación: En la teoría de Modelado de Sistemas, el analista debe entender que la documentación debe ser más útil que importante [cite: 5]. El rigor y nivel de detalle del modelado dependen de [cite: 5]:
La envergadura y/o complejidad del sistema (3): Sistemas más grandes y complejos requieren modelos más rigurosos para evitar malentendidos [cite: 2, 5].
La explotación que se haga de los modelos (6): Define el propósito o uso (por ejemplo, si se usarán solo para discutir alternativas o si servirán de base directa para la generación automática de código fuente) [cite: 5].
¿Por qué no las otras? Modelar de forma excesiva en proyectos pequeños o usar siempre herramientas complejas (o al revés, no modelar nada) son malas prácticas que ignoran el contexto del proyecto [cite: 5]."
Ingeniería de Requerimientos. Relacione las siguientes afirmaciones con sus correspondientes conceptos.;Ingeniería de Requisitos;Característica del requisito que hace que se lo pueda interpretar de una única forma y por lo tanto el lenguaje usado en su definición no causa confusiones al lector.;"Actividad para resolver conflictos cuando dos interesados requieren características
mutuamente excluyentes, o entre requisitos y recursos, o entre requisitos funcionales y no
funcionales.";Justifican la compra o el uso del sistema. Meta u Objetivo.;"Actividad que consiste en identificar las fuentes de información sobre el dominio del
problema y la situación actual, y luego utilización de técnicas para evocar esas fuentes.";"Es aquel para el cual existe un proceso finito y de costo razonable para determinar que
el sistema lo cumple.";"Punto de control interno a los requisitos, para comprobar que están bien
documentados, son completos, concisos y consistentes.";"Proceso de descubrir, analizar, documentar, verificar, validar y gestionar los servicios
que debe proporcionar el software y sus restricciones operativas.";"""Foto en el tiempo"" que representa el cuerpo de los requisitos acordados para el
release actual.";"""Concreto;Negociación;Requerimientos del Negocio;Educción de requisitos;Requisito verificable;Verificacion;Ingenieria de Requisitos;Linea Base""";"Eje 1: Niveles y Atributos de Calidad de los Requisitos
Para que un proyecto de software comience con paso firme, los requisitos recolectados deben cumplir con estándares rigurosos de redacción y propósito:
Requerimientos del Negocio (Business Requirements): Se sitúan en el nivel estratégico más alto (definidos generalmente por directivos y patrocinadores)
. Responden a la pregunta clave: ¿Por qué estamos haciendo este proyecto?
. Su objetivo principal es justificar la compra, inversión o uso del sistema, plasmando las metas comerciales y los beneficios financieros que la organización espera obtener
.
Concretos (No Ambiguos): Es la característica que asegura que un requisito pueda ser interpretado de una única forma
. Un lenguaje preciso y libre de ambigüedades evita que el lector (diseñador, programador o cliente) caiga en confusiones, garantizando que todos tengan exactamente el mismo entendimiento del alcance
.
Verificables: Un requisito es verificable si existe un proceso concreto, finito y de costo razonable para comprobar objetivamente que el sistema final lo cumple
. Si un requerimiento no se puede medir o probar (por ejemplo, redactar únicamente ""el sistema debe ser rápido""), se convierte en un deseo informal imposible de validar técnicamente
.
Eje 2: Actividades del Proceso de Desarrollo de Requisitos
El analista de sistemas lidera una disciplina sistemática y cooperativa a través de fases muy claras
:
Ingeniería de Requisitos: Es el proceso global que abarca el descubrimiento (elicitación), análisis, documentación (especificación), verificación, validación y gestión de los servicios que debe proporcionar el software, junto con sus restricciones operativas
. No es un proceso lineal, sino un ciclo continuo de aprendizaje e iteración
.
Educción (Elicitación) de Requisitos: Es la fase de descubrimiento e investigación activa
. Consiste en identificar las fuentes de información (usuarios, procesos del negocio, leyes, documentos) y aplicar técnicas interactivas (entrevistas, observación, cuestionarios) para evocar, descubrir y organizar los requisitos en bruto
.
Negociación de Requisitos: Es la actividad de resolución de conflictos que se ejecuta durante la fase de análisis
. Su propósito es mediar y consensuar acuerdos cuando existen necesidades mutuamente excluyentes entre interesados, o cuando hay fricciones entre los requisitos y los recursos del proyecto (tiempo/presupuesto), o entre requerimientos funcionales y no funcionales
. Se apoya en tres estrategias: el diálogo, las soluciones creativas o la decisión de una autoridad superior
.
Verificación: Es un punto de control de calidad interno liderado por el equipo de sistemas
. Su objetivo es comprobar técnicamente que el documento de especificación (ERS) esté bien redactado, completo, consistente, sin contradicciones y bajo los estándares de la organización
. Responde a la pregunta: ¿Estamos construyendo el documento de requisitos correctamente?
.
Eje 3: Gestión y Estabilización del Alcance
Una vez que los requisitos han sido analizados y verificados, deben administrarse para evitar el descontrol del alcance (scope creep)
:
Línea Base (Baseline): Es una ""foto en el tiempo"" (snapshot o instantánea) que representa el cuerpo de requisitos acordados y aprobados para una versión o release actual
. No significa que los requisitos sean ""perfectos"", sino que son lo suficientemente buenos para permitir que el equipo continúe con el diseño y la construcción con un nivel de riesgo aceptable
. A partir de este hito, cualquier modificación posterior debe someterse a un proceso formal de control de cambios
."
Actividad de la Ingeniería de requisitos que busca depurar en el borrador del documento los requisitos innecesarios, conflictivos e incompletos o inviables.;Ingeniería de Requisitos;Validacion;Verificacion;Analisis;Educcion;;;;;3;El Análisis de requisitos trabaja directamente sobre el borrador inicial (draft) para limpiarlo. Aplica tres comprobaciones clave: la de necesidades (elimina innecesarios), la de consistencia/completitud (resuelve conflictos y vacíos) y la de viabilidad (descarta lo inviable técnicamente o por presupuesto).
El resultado del estudio de viabilidad es:;Gestión de Proyectos;La planificacion detallada del proyecto;La estimacion exacta del costo - beneficio del proyecto;Un informe que recomiende si merece o no la pea seguir con la igenieria de requerimientos y el proceso de desarrollo del Sistema;El documento con el analisis detallado de los requerimientos del cliente;;;;;3;"El entregable final de esta etapa es el Informe de Viabilidad. Este documento no define requerimientos de software de forma detallada ni establece cronogramas definitivos, sino que ayuda a la alta gerencia a tomar una decisión estratégica de ""proceder o no"" con el proyecto propuesto"
Las variables que condicionan un proyecto son:;Gestión de Proyectos;Alcance, tiempo, costo (Recursos) y calidad;Ninguna;Alcance, tiempo, programas y calidad;Alcance, tiempo, consto (recursos) y cantidad;;;;;1;El éxito de cualquier sistema está determinado por la gestión equilibrada de estas cuatro variables competitivas. Cualquier cambio en el alcance afectará indefectiblemente el tiempo y el costo estimado, alterando la calidad final del software.
Identifique cuál de las siguientes afirmaciones corresponde a la definición de un proyecto de software exitoso;Gestión de Proyectos;Proyectos en los que el producto cumple con los requisitos esperados;Proyectos concluidos con retraso, por encima del presupuesto y/o con menos de los requisitos esperados.;Son proyectos que se cancelaron o se finalizaron pero el producto nunca se uso;Proyectos que terminaron en tiempo, presupuesto y cumplieron con los requisitos teniendo en cuenta aspectos como la calidad y la satisfaccion del cliente;;;;;4;"El éxito de un proyecto de software se asocia tradicionalmente al cumplimiento balanceado de la ""triple restricción"" (Alcance, Tiempo y Costo), logrando simultáneamente los estándares de calidad definidos y la plena satisfacción de los destinatarios del sistema"
Cual de los siguientes son Objetivos de la fase de Inicio del Proceso Unificado?;Proceso Unificado;Establecer al menos una solucion potencial, identificando una arquitectura candidata;Elaborar el plan detallado para cada iteracion de la fase de construccion;Obtener una comprension detallada de los requisitos especificando la mayoria de los Casos de Uso;Identificar los riesgos criticos y elaborar un plan para mitiarlos;Determinar la Viabilidad del Proyecto;;;;"1;4;5";El hito principal de la fase de Inicio (Inception) es la viabilidad [cite: 6]. Sus objetivos son: comprender el negocio para estimar costos/esfuerzo, proponer una solución potencial e identificar una arquitectura candidata (1), identificar riesgos críticos para mitigarlos (4) y determinar la viabilidad global del proyecto (5) 
Se denomina riesgo del proyecto a todo:;Gestión de Proyectos;Acontecimiento que pueda ocurrir y que si se convierte en realidad provocara un impacto negativo.;Evento futuro que se producira durante el proyecto y que impactara en su resultado;Evento posible del futuro del proyecto;Lo que afecta negativamente en el resultado del proyecto;;;;;1;En administración de proyectos, un riesgo es un suceso futuro e incierto (probabilidad menor al 100%) que, en caso de materializarse, afectará negativamente los objetivos del proyecto. Si un evento negativo va a suceder de forma 100% segura, ya no se trata de un riesgo, sino de una restricción o un problema directo.
Cuales de las siguientes actividades enunciadas son responsabilidad del Product Owner;Metodologías Ágiles;Gestionar el Product Backlog en su totalidad, ordenando y priorizando conforme al valor para el negocio;Asegurarse que el equipo de trabajo funcione correctamente;Crear conciencia sobre las practicas de Scrum entre los miembros del equipo Scrum;Gestionar el progreso del trabajo durante el Sprint;Estar accesible, y disponible, para explicar al equipo tecnico dudas funcionales, para validar entregas y participar en reuniones;Asegurarse que las Reuniones Diarias (Daily) se lleven a cabo de manera oportuna y estructurada;;;"1;5";En Scrum, el Product Owner (PO) representa la voz del cliente y del negocio. Es el único responsable de maximizar el valor del producto gestionando, ordenando y priorizando el Product Backlog (1). Asimismo, debe estar disponible para resolver dudas funcionales del equipo de desarrollo y validar los incrementos terminados (5)
La Especificación de Requisitos es Correcta:;Ingeniería de Requisitos;Si y solo si todo requisito formulado en ella debe ser satisfecho por el software;Si no existe conflictos de comportamiento, terminos o caracteristicas.;Si y solo si incluye todo lo que se supone el software debe hacer;Si tiene una organizacion coherente y es facil de usar;;;;;1;"Esta es la definición literal utilizada en la diapositiva ""La Especificación de Requisitos es Correcta"" (dentro de DocRequisitosI.pdf). Representa la ausencia de ""ruido"" o requisitos incorrectos en la ERS."
Los aspectos que se deben analizar en el estudio de Factibilidad son:;Gestión de Proyectos;Tecnica, Optativa, Economica, Financiera, De programa (temporal) y Legal;Tecnica, Operativa, Ergonomica, Financiera y Tecnologia;Tecnica, alcance, tiempo, recursos y calidad;Tecnica, Operativa, Economica, Financiera, De Programa (temporal) y Legal.;;;;;4;Esta opción refleja con exactitud la clasificación formal de las seis dimensiones de la viabilidad propuestas por Roger Pressman en el material de clases de la cátedra.
Cuáles de las siguientes afirmaciones son correctas sobre el ciclo de vida en el Proceso Unificado?;Proceso Unificado;Es la primer propuesta metodologica agil;Es un marco generico que puede especializarse de acuerdo al proyecto particular;Es la mejor propuesta metodologica para cualquier tipo de proyeto;Propone iteraciones controladas, lo que reduce el costo del riesgo a un solo incremento;Es un estandar para el desarrollo de software de calidad;La vida de un sistema se repite a lo largo de una serie de ciclos donde cada ciclo concluye con una version del producto;;;"2;4;5;6";"Explicación: El Proceso Unificado no es un proceso rígido, sino un marco genérico adaptable a cada proyecto (2) [cite: 4, 5]. Su naturaleza iterativa e incremental permite que el costo del riesgo se limite a un solo incremento de software (4) [cite: 6]. Está adoptado por la industria como un estándar de alta calidad (OMG) (5) [cite: 9] y se organiza en ciclos de desarrollo que concluyen con la entrega de un producto funcional (6) [cite: 6].
¿Por qué no las otras? El PU no es ágil por defecto (es una metodología disciplinada y dirigida por arquitectura) (1) [cite: 6], y no existe una metodología ""universalmente mejor"" para cualquier proyecto (3) [cite: 5, 214]."
Proceso Unificado. Relacione las siguiente afirmaciones con sus correspondientes conceptos. Un mismo concepto se puede aplicar a varias afirmaciones. Utilice Ninguno es Válido cuando no encuentre el concepto correspondiente.;Proceso Unificado;"Flujo cuyas actividades son: Encontrar actores y casos de uso, Priorizar casos de uso,
Detallar un caso de uso, Prototipar la interfaz de usuario, Estructurar el modelo de casos de
uso";"Fase que tiene por objetivo diseñar, implementar y probar una arquitectura correcta, y
completar el plan del proyecto";Intervalo de tiempo entre dos hitos;Es la instancia de un proyecto;Fase en la que el criterio esencial es que el sistema alcance una operatividad final;;;;"""Captura de Requisitos;Elaboracion;Fase;Ninguno es válido;Transición""";"Explicación:
""Flujo cuyas actividades son: Encontrar actores..."": Corresponde a Captura de Requisitos (actividades clave de relevamiento y delimitación) [cite: 10].
""Fase que tiene por objetivo diseñar, implementar y probar una arquitectura correcta..."": Es la fase de Elaboración, cuyo hito clave es la mitigación de riesgos mediante la creación de la línea base de la arquitectura ejecutable [cite: 17].
""Intervalo de tiempo entre dos hitos"": Es la definición exacta de una Fase en el ciclo de vida del PU [cite: 17, 23].
""Es la instancia de un proyecto"": Ninguno es válido. De acuerdo con el mapa conceptual de las ""4 P"", la relación correcta es que el Proyecto es una instancia de la clase Proceso (el proceso actúa como la plantilla de diseño y el proyecto es su ejecución física) [cite: 19, 24].
""Fase en la que el criterio esencial es que el sistema alcance una operatividad final"": Es la fase de Transición, donde el producto se despliega, capacitando a los usuarios y migrando los datos para operar de forma estable [cite: 17]."
Cuando se tiene un conjunto de requisitos que no es perfecto pero que es lo suficientemente bueno para permitir que el equipo continúe con la construcción con un nivel aceptable de riesgo dentro de las limitaciones conocidas del proyecto se debe:;Ingeniería de Requisitos;Hacer el analisis y la negociacion de requisitos;Establecer la linea base de los requisitos;Hacer el documento de vision y alcance;Hacer el estudio de viabilidad del proyecto;;;;;2;"La diapositiva oficial ""Trabajar con línea base"" en priorizarReq_I.pdf declara textualmente: ""Recuerde que el desarrollo de requisitos intenta definir un conjunto de requisitos que no es perfecto pero que es lo suficientemente bueno para permitir que el equipo continúe con la construcción con un nivel aceptable de riesgo"". El análisis y la negociación son las actividades previas que nos permiten llegar a ese estado, pero la acción que se ejecuta al alcanzar este hito es, por definición, establecer la línea base (baseline). Si tu examen tiene parametrizada la opción 1, se trata de un error clásico de diseño del cuestionario."
El aspecto del estudio de Factibilidad que se encarga de analizar si los beneficios del sistema compensaran los costos es:;Gestión de Proyectos;Factibilidad economica;Factibilidad de Financiera;Factibilidad tecnica;Factibilidad operativa;;;;;1;La factibilidad económica se define esencialmente como un análisis de costo-beneficio. Su propósito es estimar y contrastar de manera analítica los costos tangibles e intangibles del proyecto frente a los beneficios que este reportará, determinando si la inversión inicial se recuperará en un tiempo razonable
El aspecto del estudio de Factibilidad que trata de determinar que el sistema servirá a la organización, funcionara y será utilizado una vez implementado es la factibilidad:;Gestión de Proyectos;Tecnica;Operativa;Economica;Financiera;;;;;2;La factibilidad operativa mide si la solución satisface realmente los requerimientos identificados y, sobre todo, evalúa el factor humano. Se plantea si los usuarios finales y administradores querrán o podrán adaptarse al cambio o si se resistirán a utilizar el nuevo sistema
Identifique, entre los siguientes, cuales son los tipos de mantenimiento de software vistos en la materia;Mantenimiento de Software;Mantenimiento Correctivo;Mantenimiento Negativo;Mantenimiento Preceptivo;Mantenimiento Adictivo;Mantenimiento Perfectivo;Mantenimiento Preventivo;Mantenimiento Positivo;Mantenimiento Adaptativo;"1;5;6;8";"La ingeniería de software establece cuatro tipos fundamentales de mantenimiento [cite: 208]:
Correctivo: Reparar fallos y errores detectados por los usuarios [cite: 208].
Adaptativo: Modificar el sistema para que opere en nuevos entornos tecnológicos o regulatorios [cite: 208].
Perfectivo: Añadir nuevas funcionalidades o mejorar el rendimiento a petición del usuario [cite: 208].
Preventivo: Reestructurar o limpiar el código para evitar futuros fallos (mantenibilidad) [cite: 208]."
Cuando ya se tiene establecida la línea base de requisitos y surgen cambios en los mismos, lo que es muy habitual en la mayoría de los proyectos. ¿Qué se debería hacer?;Ingeniería de Requisitos;No aceptarlo y apoyarse en los contratos;Aceptarlo y motivar al equipo pra cumplirlo sin alterar las condiciones del contrato;Someter el pedido a un proceso de control de cambios;Negarse debido a que no resulta conveniente modificar la linea base;;;;;3;La línea base (baseline) es un acuerdo formal y aprobado de alcance. Cuando se producen solicitudes de modificación inevitables, se debe aplicar un proceso formal de control de cambios (evaluando impacto en tiempos, costos y calidad) en lugar de rechazarlos ciegamente o aceptarlos sin control (scope creep).
Cuál de los siguientes NO es un objetivo de procesos que puede tener un proyecto de sistema;Gestión de Proyectos;Mejora del servicio al cliente;Aceleracion de un proceso;Optimizacion de un proceso al eliminar pasos innecesarios o duplicados;Reduccion de almacenamiento redundante;;;;;1;La Mejora del servicio al cliente es considerada por los autores como un Objetivo Corporativo (o de negocio general). Por el contrario, los Objetivos de los Procesos abarcan la optimización directa sobre el flujo de actividades, tales como: la aceleración del proceso, la eliminación de pasos innecesarios/duplicados o la reducción de almacenamiento redundante
Ciencia e Ingeniería se han desarrollado en forma paralela y complementaria. Identifique cuál o cuáles las siguientes afirmaciones son correctas:;Conceptos Generales;El objetivo de la ciencia es resolver problemas por la aplicacion de teorias;La finalidad de la ingenieria es la busqueda de conocimiento, a fin de entender de una forma logica y racional el entorno;El ingeniero busca conocer. Aplicar sus conocimientos para incrementar ese mismo conocimiento;"La ingenieria se basa en el ""hacer"", aplicar el conocimiento para resolver problemas del mundo real";"La ciencia se basa en ""saber"", implica la busqueda del conocimiento para explicar los hechos que ocurren en nuestro mundo";La ingenieria es la aplicacion de diferentes conocimientos para de ese modo poder satisfacer distintas necesidades del ser humano, es la aplicacion del conocimiento;;;"4;5;6";"La opción 4 describe a la ingeniería (""hacer"", resolver problemas), la 5 a la ciencia (""saber"", explicar hechos) y la 6 amplía la definición de ingeniería (aplicar conocimiento para satisfacer necesidades). Las otras opciones intercambian los conceptos o dan definiciones incorrectas."
Sobre el Scrum Team, cuál es la afirmación falsa;Metodologías Ágiles;Cada miembro del equipo tiene que tener un rol especifico y no puede asumir tareas que no eten dentro de su area de especializacion;Los miembros del equipo deben tener un perfil en T (manejo en una serie amplia de areas, con conocimientos en profundidad en unas pocas);Cada miembro del equipo puede asumir cualquier tipo de tarea;Cada miembro del equipo puede tener un conocimiento mas amplio sobre un area especifica;;;;;1;"La respuesta correcta (la afirmación falsa) es Cada miembro del equipo tiene que tener un rol especifico y no puede asumir tareas que no eten dentro de su area de especializacion. De acuerdo con las fuentes, en Scrum el equipo de desarrollo (Development Team) se caracteriza por ser multifuncional e interfuncional. La teoría establece explícitamente que dentro del equipo ""no existen especialistas exclusivos, sino más bien individuos generalistas con capacidades especiales"". Además, todos son considerados simplemente ""miembros del equipo"" sin subtítulos ni jerarquías internas. La idea fundamental es que el equipo no dependa de una sola persona; si alguien con una capacidad especial (por ejemplo, el administrador de la base de datos) está ausente, las tareas aún deben poder llevarse a cabo porque ""entre todos debemos poder colaborar"". Por lo tanto, afirmar que un miembro está encasillado en un rol específico y tiene prohibido asumir tareas fuera de su especialidad contradice los principios de auto-organización y trabajo colaborativo (perfil en ""T"") que exige el marco de trabajo Scrum."
Cual de las siguientes afirmaciones son válidas para definir a las metodologías Orientadas a Objetos:;Orientación a Objetos;Las Propiedades del Objeto se representa en sus metodos;Los Objetos se analizan desde lo general a lo particular;Se ven a los sistemas como un conjunto de objetos que colaboran entre si;Los objetos se analizan desde lo particular a lo general;Cualquiera de las clases se puede instanciar;;;;"3;4";"La respuesta correcta (la afirmación falsa) es Cada miembro del equipo tiene que tener un rol especifico y no puede asumir tareas que no eten dentro de su area de especializacion. De acuerdo con las fuentes, en Scrum el equipo de desarrollo (Development Team) se caracteriza por ser multifuncional e interfuncional. La teoría establece explícitamente que dentro del equipo ""no existen especialistas exclusivos, sino más bien individuos generalistas con capacidades especiales"". Además, todos son considerados simplemente ""miembros del equipo"" sin subtítulos ni jerarquías internas. La idea fundamental es que el equipo no dependa de una sola persona; si alguien con una capacidad especial (por ejemplo, el administrador de la base de datos) está ausente, las tareas aún deben poder llevarse a cabo porque ""entre todos debemos poder colaborar"". Por lo tanto, afirmar que un miembro está encasillado en un rol específico y tiene prohibido asumir tareas fuera de su especialidad contradice los principios de auto-organización y trabajo colaborativo (perfil en ""T"") que exige el marco de trabajo Scrum."
Principios básicos de XP son:;Metodologías Ágiles;El cliente en el sitio, Comunicacion, Estandar de codificacion y Codificacion simple;El cliente en el sitio, Programacion en parejas, Estandar de codificacion y Diseño simple;Comunicacion, simpleza, retroalimentacion, valentia y respeto;Dueño del producto, comunicacion, retrospectiva y diseño simple;;;;;2;"La respuesta correcta es El cliente en el sitio, Programacion en parejas, Estandar de codificacion y Diseño simple. De acuerdo con el material de evaluación incluido en las fuentes, esta es la combinación de elementos considerada como la respuesta correcta a tu pregunta. Para comprender por qué esta es la opción válida según la teoría, es importante distinguir cómo la Programación Extrema (XP) clasifica sus conceptos: ● Prácticas o ""Principios"" operativos: La metodología XP se basa en 12 prácticas fundamentales que dictan cómo se debe trabajar. Las mencionadas en la respuesta correcta pertenecen a estas prácticas: tener al cliente en el sitio (On site Customer), utilizar la programación en parejas (Pair Programming), establecer un estándar de codificación y aplicar un diseño simple. ● Valores de XP: La opción que indica ""Comunicación, simpleza, retroalimentación, valentía y respeto"" es incorrecta para este enunciado en particular porque esos no se catalogan como principios o prácticas, sino explícitamente como los cinco valores fundamentales sobre los cuales se sostiene el comportamiento del equipo XP. ● Elementos de otras metodologías: La opción que menciona ""Dueño del producto, retrospectiva..."" es incorrecta porque esos son roles y reuniones que pertenecen específicamente a la metodología Scrum, no a XP. Y la opción restante es incorrecta porque emplea el término inventado ""Codificación simple"" en lugar de la práctica real que es el ""Diseño simple""."
Cual de las siguientes es una ventaja de utilizar preguntas cerradas en una entrevista:;Técnicas de Recolección de Datos;Ayudan a forjar una relacion cercana entre el entrevistador y el entrevistado;Facilitan la comparacion de varias entrevistas;Hacen mas interesante la entrevista para el entrevistado;Permiten obtener gran cantidad de detalles [ debido a que el entrevistador proporciona el marco de referencia para el entrevistado ];;;;;2;"La respuesta correcta es Facilitan la comparacion de varias entrevistas.
De acuerdo con las fuentes, los beneficios o ventajas principales de utilizar preguntas
cerradas en una entrevista incluyen:
● Ahorro de tiempo.
● Se pueden comparar las entrevistas con facilidad.
● Van directo al grano y se tratan muchos temas rápidamente.
● Se mantiene el control sobre la entrevista.
● Se obtienen datos relevantes.
Las otras opciones listadas corresponden en realidad a ventajas de las preguntas abiertas o
son, de hecho, desventajas de las preguntas cerradas. Por ejemplo, las preguntas cerradas
suelen ser aburridas para el entrevistado (no las hacen más interesantes) y no proporcionan
detalles adicionales justamente porque el entrevistador es quien provee el marco de
referencia. "
Cual de las siguientes NO son reglas en la realización de brainstorming;Técnicas de Recolección de Datos;Se debe generar un gran numero de ideas;Todos los participantes deben pertenecer a un unico departamento;Se evitan las ideas mas avanzadas y se impide a los participantes a generar nuevas ideas;Se prohibe la critica de ideas;Se debe alentar a los participantes a combinar o completar las ideas de otros participantes;;;;"2;3";"La respuesta correcta es Se evitan las ideas mas avanzadas y se impide a los participantes a generar nuevas ideas. De acuerdo con las fuentes, esta afirmación es exactamente lo opuesto a las reglas reales del brainstorming (o lluvia de ideas). La teoría establece explícitamente que, durante la fase de generación, ""se fomentan las ideas más avanzadas y se estimula a los participantes a generar nuevas ideas"", dejando que la imaginación vuele sin ningún tipo de autocensura. Las demás opciones presentadas en tu consulta son incorrectas para este enunciado porque SÍ corresponden a reglas fundamentales para asegurar una tormenta de ideas efectiva: ● Se debe generar un gran número de ideas: La meta principal en esta fase es priorizar la cantidad (amplitud) de ideas por sobre el análisis de su calidad inmediata. ● Se prohíbe la crítica de ideas: Mientras se generan las propuestas, no se permite ninguna crítica, evaluación, juicio o debate, ya que esto inhibe la creatividad y frena la participación. ● Se debe alentar a los participantes a combinar o completar las ideas de otros participantes: Se busca refinar, combinar y amplificar (o hacer ""piggyback"") sobre las ideas ya generadas, utilizándolas como semilla para originar nuevas alternativas conjuntas."
Cuando se detecta el grado en que el riesgo pueda afectar negativamente al proyecto, entonces se habla de:;Gestión de Proyectos;Impacto;Probabilidad;Estrategia;Factibilidad;;;;;1;La severidad de un riesgo se calcula típicamente mediante dos variables esenciales: su probabilidad de ocurrencia y su impacto (el nivel de pérdida o el grado de afectación negativa que provocaría en el proyecto)
El desarrollo de los requisitos es un proceso de:;Ingeniería de Requisitos;Recoleccion y documentacion de informacion que nos brindan los usuarios;Mostrar a los usuarios como trabajar mejor;Recoleccion de informacion que nos brindan los clientes y usuarios;Descubrimiento e invencion, para determinar las necesidades de clientes y usuarios;;;;;4;"La teoría de ingeniería de requisitos de la cátedra establece explícitamente: ""El desarrollo de los requisitos es un proceso de descubrimiento e invención, no sólo un proceso de recolección"". El analista no es un mero amanuense; es un investigador activo que estimula a los interesados a descubrir información oculta y proponer soluciones creativas."
En el proceso de Resolución de Problemas, el paso Proponer soluciones alternativas va después de;Gestión de Proyectos;Conocimiento de las causas del problema;Determinar el problema y sus asociadoss;Definir claramente el problema;Evaluar y seleccionar soluciones;;;;;3;Las diapositivas oficiales de la cátedra (Material de Clases.pdf) listan el proceso de resolución de problemas en siete pasos estrictos: 1) Determinar el problema y sus asociados, 2) Conocimiento de las causas, 3) Definir claramente el problema (redefinir), y 4) Proponer soluciones. Por lo tanto, el paso de Proponer soluciones va inmediatamente después de Definir claramente el problema (paso 3)
"De qué tipo es el siguiente requisito: ""El sistema deberá implementar las disposiciones de privacidad del paciente como se establece en HStan-03-2006-priv""";Ingeniería de Requisitos;No Funcional Organizacional;No Funcional del Producto;Funcional;No Funcional Externo;;;;;4;Los requisitos no funcionales se dividen en tres grandes ramas (según Sommerville). Los externos surgen de factores ajenos al sistema y a la organización de desarrollo, como políticas gubernamentales, leyes de protección de datos o, en este caso, de un estándar de privacidad externo (HStan-03-2006-priv).
"Cuál de la actividad de la Ingeniería de Requisitos que requiere activa participación de Cliente y Usuarios; y además tiene por objetivo asegurar la calidad de los mismos es:";Ingeniería de Requisitos;Validacion;Educcion;Analisis;Verificacion;;;;;1;Mientras la verificación es un proceso técnico interno de control de calidad (¿construimos el producto correctamente?), la validación es un punto de control externo que involucra activamente al cliente y a los usuarios mediante revisiones y prototipos para asegurar que lo especificado realmente resuelva sus necesidades reales (¿construimos el producto correcto?).
Identifique en las siguientes características cuales s las que debe tener un requisito;Ingeniería de Requisitos;Completo;Barato;Necesario;Posible;Ambiguo;Priorizado;;;"1;3;4;6";n requisito de calidad debe ser Completo (no omitir detalles), Necesario (su eliminación provocaría una deficiencia), Posible/Factible (realizable técnicamente y por presupuesto) y Priorizado (para saber qué construir primero bajo limitaciones)
Proceso Unificado. Relacione las siguiente afirmaciones con sus correspondientes conceptos. Un mismo concepto se puede aplicar a varias afirmaciones. Utilice Ninguno es Válido cuando no encuentre el concepto correspondiente.;Proceso Unificado;Paso a traves de las 4 fases principales;"Trabajador responsable de la integridad del modelo de analisis, y que el mismo sea
correcto y legible como un todo";"Fase que incluye la conversion de datos, entrenamiento de usuarios correccion de
defectos de la version beta y ayuda en linea";Trabajador responsable de Estructurar el modelo de casos de uso;;;;;"""Ciclo o miniproyecto;Arquitecto;Transicion;Analista de Sistema""";"Relación de Conceptos del Proceso Unificado (RUP)
Explicación:
El Ciclo o miniproyecto representa el recorrido completo por las cuatro fases de RUP para liberar una versión estable [cite: 6].
El Arquitecto es el rol técnico responsable de unificar y dar legibilidad a todo el modelo de análisis [cite: 0].
La Transición es la fase final orientada al despliegue, que incluye entrenamiento, soporte y migración de datos [cite: 3].
El Analista de Sistemas es quien recopila los requerimientos y los plasma estructurando el modelo de casos de uso [cite: 12]."
Cuales de las siguientes NO son ventajas de utilizar preguntas abiertas en una entrevista:;Técnicas de Recolección de Datos;Aseguran una mejor utilizacion del tiempo permitiendo entrevistas mas cortas;Revelan nuevas lineas de preguntas que pudieron haber pasado desapercibidas;Permiten mas espontaneidad;Facilita mantener el control durante la entrevista;Hacen mas interesante la entrevista para el entrevistado;;;;"1;4";"Según Kendall & Kendall (Capítulo 4), las preguntas abiertas se caracterizan por dar libertad al entrevistado, lo cual consume más tiempo y hace que el entrevistador pierda fácilmente el control de la conversación. Por ende, decir que ""aseguran entrevistas más cortas"" (1) y ""facilitan mantener el control"" (4) es falso; estas son ventajas exclusivas de las preguntas cerradas "
Actividad de la Ingeniería de requisitos que tiene por objetivo razonar sobre los requisitos obtenidos en la etapa anterior, detectando y resolviendo posibles inconsistencias o conflictos, coordinando los requisitos relacionados entre sí.;Ingeniería de Requisitos;Documentacion;Educcion;Analisis;Especificacion;;;;;3;"Según la diapositiva oficial ""Análisis de requisitos"" en priorizarReq_I.pdf, se define textualmente como el ""proceso de razonamiento sobre los requisitos obtenidos en la etapa anterior..."". Su función principal es unificar y dar consistencia al conjunto antes de pasar a documentarlos formalmente."
Las características de las buenas herramientas de modelado de sistemas es que debe:;Modelado de Sistemas;Ser grafica con el mismo nivel de detalle;Ser grafica con detalles textuales de apoyo;Ser Orientada a Objetos;Ser transparente para quien lo utilice;Tener redundancia minima;Ser representado en su totalidad en una sola hoja;Permitir que el sistema sea visto en segmentos en forma descendente;;"2;4;5;7";"Un buen modelo de sistemas debe ser fácil de entender y transparente para cualquiera que lo use (4) [cite: 0]. Para no abrumar al lector con complejidad, la herramienta debe ser gráfica pero con texto de apoyo (2), estructurarse en segmentos de forma descendente (top-down) (7) y mantener una redundancia mínima para evitar inconsistencias de datos al realizar cambios (5) [cite: 0].
¿Por qué no las otras? Mostrar el mismo nivel de detalle (1) o querer meter todo el sistema en una sola hoja (6) provocaría una sobrecarga cognitiva severa, haciendo que el modelo sea ilegible y poco útil [cite: 0]."
Cuando al prescindir de un requisito, provoca una deficiencia en el sistema a construir. Se refiere a la característica:;Ingeniería de Requisitos;Necesario;Verificable;Correcto;No ambiguo;;;;;1;"Un requisito cumple con el atributo de necesidad si su eliminación produce una deficiencia irreparable en el sistema a construir. Significa que representa algo que el cliente realmente necesita y no un simple ""deseo"" secundario."
Cual de las características enunciadas a continuación corresponden a una Metodología;Gestión de Proyectos;Siempre utilizan como notacion UML;En un proyecto de desarrollo de Software implican la posibilidad de sufrir una perdida;La aplicacion de la misma siempre implica mayor burocracia lo que conlleva a la finalizacion fuera de la fecha establecida;En un proyecto de desarrollo de Software define Quien debe hacer, Que, Cuando y Como debe hacerlo;No existe una metodologia para el desarrollo de software unirversal, se la debe seleccionar y adaptar a cada proyecto en particular;;;;"4;5";"Una metodología define una estructura de procesos, roles (quién), entregables (qué), fases de tiempo (cuándo) y técnicas (cómo). Asimismo, la teoría del software descarta la existencia de una ""metodología perfecta""; el analista exitoso debe ser flexible y adaptar las herramientas a los desafíos del negocio."
Cual de las siguientes consideraciones NO es apropiada para caracterizar al estudio de Viabilidad:;Gestión de Proyectos;Un compromiso por parte de los directivos de la organizacion en esta etapa tan solo significa que se realizara un estudio de sistema;Es util para desechar los proyectos que se cotraponen con los objetivos de la organizacion;Aunque es muy laborioso, vale la pena y al final ahorra a las empresas y a los analistas de sistemas una considerable cantidad de tiempo y dinero;Es una decision a cargo del analista de sistema sobre si resulta conveniente seguir con el proyecto;;;;;4;" En las diapositivas de la cátedra (Material de Clases.pdf) y en el libro de Kendall & Kendall (Capítulo 3) se especifica explícitamente: ""La viabilidad de un proyecto no es una decisión a cargo del analista de sistemas sino de los directivos de la organización"" [cite: 12]. El analista de sistemas actúa como un consultor técnico que recopila los datos y presenta el informe de viabilidad, pero la decisión de inversión final y de ""proceder o no"" recae de forma exclusiva en la gerencia"
Cuál de las siguientes consideraciones NO sería apropiada para caracterizar a un proyecto;Gestión de Proyectos;Se realiza un diseño y luego se fabrica varias veces en base al mismo;Se requieren objetivos especificos a alcanzar o un producto especifico a crear;Existen restricciones sobre los recursos a utilizar en su desarrollo;El trabajo se realiza por varias personas que pueden tener distintas especializaciones;;;;;1; Por definición de la cátedra y del estándar del PMI, un proyecto es un esfuerzo temporal y único [cite: 342, 548]. Diseñar algo una vez para luego fabricarlo en masa de forma idéntica y repetitiva es la definición clásica de un proceso industrial u operacional (producción en serie), no de un proyecto [cite: 342]. Las opciones de tener objetivos específicos, restricciones de recursos y un equipo multidisciplinar sí son características fundamentales de cualquier proyecto [cite: 2, 342].
Según Scrum para cualquier sprint en curso ¿Cuándo se puede añadir nuevas Historias de Usuario?;Metodologías Ágiles;Nuevas Historias de Usuario nunca pueden ser añadidos al Sprint;Cuando el Scrum Master agrega Historias de Usuario al Sprint Backlog;Cuando el Product Owner aprueba la Historia de Usuario;Cuando el equipo Scrum aprueba la Historia de Usuario;;;;;1;"Uno de los pilares de Scrum para proteger el foco y la productividad del equipo de desarrollo es que, una vez que el Sprint se inicia (Sprint en curso), el alcance del Sprint Backlog se congela y no se pueden añadir nuevos requisitos o historias de usuario que comprometan o desvíen el objetivo del Sprint (Sprint Goal) [cite: 504]. El Scrum se resiste activamente a los cambios de alcance durante la iteración [cite: 44].
Nota de flexibilidad: Aunque la teoría estricta de examen dice que ""nunca"" para mantener la disciplina, la guía Scrum real permite que el alcance pueda ser clarificado y renegociado entre el Product Owner y los Desarrolladores si se descubre que el esfuerzo es menor o mayor a lo previsto, pero jamás introduciendo cambios externos de forma unilateral."
La técnica de Gherkin se aconseja utilizar para:;Metodologías Ágiles;Escribir los criterios de aceptacion en una Historia de Usuario;Escribir en el anverso de la Historia de Usuario como descripcion de la misma;Utilizar para conducir la conversacion que se debe llevar a cabo;Estimar los puntos de Historias de Usuario;;;;;1;Como se detalla en tus apuntes de Requerimientos en Agilidad (Unidad 10), Gherkin es un lenguaje estructurado con el formato GWT (Given-When-Then / Dado-Cuando-Entonces) que se utiliza específicamente para redactar los criterios de aceptación de las Historias de Usuario [cite: 2]. Ayuda a definir de forma clara los escenarios de prueba y el comportamiento esperado para que tanto el cliente como los desarrolladores entiendan cuándo una historia está realmente terminada [cite: 2].
La lista ordenada de todo lo que podría ser necesario en el producto y que es la única fuente de requisitos se denomina:;Metodologías Ágiles;Product Backlog;Sprint Backlog;Product Owner;Tablon de Tareas;;;;;1;"La teoría de Scrum de la cátedra define textualmente: ""La Lista de Producto (Product Backlog) es una lista ordenada de todo lo que podría ser necesario en el producto y es la única fuente de requisitos para cualquier cambio a realizarse en el producto"" [cite: 10]. El Product Owner es el único responsable de su contenido, disponibilidad y orden de prioridad [cite: 10]."
El describir siempre un contexto, un evento y la respuesta o consecuencia esperada se utiliza para:;Metodologías Ágiles;Escribir los criterios de aceptacion;La conversion de la Historia de Usuario que se mantiene con el Scrum Master;La descripcion breve, de una funcionalidad del software tal y como la percibe el usuario;El post-it de la Historia de Usuario que se utiliza como la especificacion de requisitos;;;;;1;"Esta estructura corresponde a la técnica de comportamiento utilizada en el desarrollo guiado por comportamiento (BDD) y el lenguaje Gherkin [cite: 1]. Consiste en redactar bajo el patrón GWT: Given-When-Then (Dado-Cuando-Entonces) [cite: 1]:
Dado = El Contexto o precondición de la que se parte [cite: 1].
Cuando = El Evento, acción o estímulo que ocurre [cite: 1].
Entonces = La Respuesta o consecuencia esperada [cite: 1].
Se utiliza específicamente para definir de forma inequívoca los Criterios de Aceptación de una Historia de Usuario, permitiendo que tanto el cliente, los desarrolladores y las pruebas de aceptación automatizadas compartan el mismo entendimiento de lo que se considera ""Listo"" (Done) [cite: 1, 7]."
En el manifiesto ágil se valora más una serie de cosas frente a otras. Cuál de las siguientes afirmaciones es correcta:;Metodologías Ágiles;Hay que potenciar la colaboracion con el cliente frente a la negociacion de contratos precisos;Hay que potenciar la colaboracion con el cliente frente a la documentacion exhaustiva;Si se plantean cambios con posterioridad a la planificacion hay que ajustarse el plan;Se valoran los procesos y las herramientas por encima de los individuos y las interacciones;;;;;1;"El Manifiesto Ágil proclama 4 valores fundamentales que priorizan los elementos de la izquierda sobre los de la derecha [cite: 14]:
Individuos e interacciones sobre procesos y herramientas [cite: 14].
Software funcionando sobre documentación exhaustiva [cite: 14].
Colaboración con el cliente sobre negociación contractual (contratos precisos) [cite: 14].
Respuesta ante el cambio sobre seguir estrictamente una planificación [cite: 14].
Por lo tanto, la afirmación de que hay que potenciar la colaboración por encima de la negociación de contratos rígidos es el reflejo exacto del tercer valor ágil [cite: 14]."
En las Historias de Usuario, el describir siempre un contexto, un evento y la respuesta o consecuencia esperada se utiliza para:;Metodologías Ágiles;Escribir los Criterios de Aceptacion de la Historia de Usuario;El post-it de la Historia de Usuario que se utiliza como la especificacion de requisitos;La conversacion de la Historia de Usuario que se mantiene con el Scrum Master;Las descripcion breve, de una funcionalidad del software tal y como la percibe el usuario;;;;;1;"Esta estructura corresponde a la técnica de comportamiento utilizada en el desarrollo guiado por comportamiento (BDD) y el lenguaje Gherkin [cite: 1]. Consiste en redactar bajo el patrón GWT: Given-When-Then (Dado-Cuando-Entonces) [cite: 1]:
Dado = El Contexto o precondición de la que se parte [cite: 1].
Cuando = El Evento, acción o estímulo que ocurre [cite: 1].
Entonces = La Respuesta o consecuencia esperada [cite: 1].
Se utiliza específicamente para definir de forma inequívoca los Criterios de Aceptación de una Historia de Usuario, permitiendo que tanto el cliente, los desarrolladores y las pruebas de aceptación automatizadas compartan el mismo entendimiento de lo que se considera ""Listo"" (Done) [cite: 1, 7]."
Cual de las siguientes consideraciones NO seria apropiada para caracterizar a un Actor del Negocio;Modelado de Sistemas;Siempre esta asociado con el nombre de un cargo en el organigrama;Son roles (humanos, software o hardware), no personas con nombres propios.;Se encuentran dentro del ambiente del negocio o campo de accion;En el diagrama de Actividades se representan en calles;;;;;1;"Consideración NO apropiada para caracterizar a un Actor del Negocio
Explicación: En las diapositivas de la cátedra de Modelado del Negocio (Unidad 4), bajo las ""Sugerencias para identificar adecuadamente a actores del negocio"", se especifica explícitamente que no siempre están asociados con el nombre de un cargo en el organigrama [cite: 20].
Los actores del negocio representan roles de ejecución de cara a los procesos de negocio (como Cliente, Socio, Proveedor, etc.), no puestos jerárquicos o departamentos de la estructura interna organizacional [cite: 18, 20]. Por lo tanto, decir que ""siempre está asociado con un cargo"" es una afirmación incorrecta (y por ende, la respuesta adecuada al buscar la ""NO apropiada"") [cite: 20]."
Un Diagrama de Colaboración representa a:;Modelado de Sistemas;Un solo escenario del caso de uso;Al igual que el diagrama de estados, muestra todos los caminos posibles (basicos y alternativos) de un caso de uso;Todos los actores y casos de uso;La interaccion de un caso de uso de forma completa;;;;;1;"En el modelado UML, los diagramas de interacción (que comprenden a los diagramas de Secuencia y a los de Colaboración) se diseñan para representar la realización dinámica de un único escenario específico de un caso de uso (una secuencia lineal de mensajes en el tiempo sin ramificaciones complejas) [cite: 164].
A diferencia de los diagramas de Actividades o de Estados (que mapean múltiples caminos lógicos, básicos y alternativos simultáneamente), un diagrama de colaboración muestra cómo interactúa un grupo de objetos para cumplir con un flujo particular de eventos"
En el Proceso Unificado, la viabilidad del proyecto se la debe determinar en:;Proceso Unificado;La fase de inicio;La fase de elaboracion;La disciplina de inicio;La disciplina captura de requisitos;;;;;1;"El mapa de hitos y fases del Proceso Unificado (PU) determina metas claras para cada hito [cite: 17]:
El objetivo primordial de la Fase de Inicio (Inception) es, por definición, establecer la Viabilidad del Proyecto [cite: 17, 25].
Durante esta fase, el equipo mitiga los riesgos comerciales, define el alcance inicial, estima tiempos y costos aproximados, y elabora una arquitectura candidata preliminar para decidir si el proyecto es viable antes de invertir recursos en la Fase de Elaboración [cite: 25]."
Un paquete de análisis puede estar compuesto por otros paquetes de análisis;Proceso Unificado;Verdadero;Falso;;;;;;;1;En el modelado UML bajo el Proceso Unificado, los paquetes de análisis se utilizan como carpetas lógicas para agrupar y organizar clases de análisis y casos de uso relacionados, facilitando la modularidad [cite: 171]. Siguiendo el principio de descomposición jerárquica top-down, un paquete de análisis puede contener de forma anidada a otros subpaquetes de análisis para estructurar de manera óptima sistemas de gran escala [cite: 171].
En el Proceso Unificado, la viabilidad del proyecto se la debe determinar en:;Proceso Unificado;La fase de inicio;La disciplina captura de requisitos;La disciplina inicio;La fase elaboracion;;;;;1; La Fase de Inicio (Inception) tiene como hito y meta primordial evaluar la viabilidad económica, técnica y de negocio del proyecto [cite: 17]. Durante este período inicial se determina si la inversión realmente vale la pena antes de que la organización comprometa recursos considerables en las fases de Elaboración y Construcción 
El contexto del sistema está formado por todo elemento que queda fuera del límite de este;Sistemas de Información;Verdadero;Falso;;;;;;;1;De acuerdo con el Enfoque Sistémico de tu Clase 1, el contexto se define como el conjunto de elementos que quedan fuera de la frontera o límite de interés del sistema, pero que mantienen algún tipo de relación o interacción directa con él 
Las tecnologías de la información y las comunicaciones pueden influenciar en la estrategia del negocio;Sistemas de Información;Verdadero;Falso;;;;;;;1;"En la era de la empresa digital, las Tecnologías de la Información (TI) no actúan únicamente como un soporte operativo neutral [cite: 200]. Al aportar su propia dinámica e ""idiosincrasia"", las TI habilitan nuevos canales comerciales (como el e-commerce) y redefinen los procesos organizacionales, influyendo directamente en la ventaja competitiva y en la planificación estratégica del negocio"
La creación de confianza y la observación del lugar de trabajo es uno de los objetivos de la técnica;Técnicas de Recolección de Datos;Entrevista;Cuestionario;Cliente;Observacion;;;;;1;Aunque la técnica de Observación se enfoca exclusivamente en mirar el comportamiento, Kendall & Kendall (Capítulo 4) señalan de forma expresa que la Entrevista es un diálogo planeado donde el analista de sistemas busca de manera simultánea establecer una relación de confianza rápida con el cliente, comprender sus opiniones y sentimientos, y aprovechar la instancia para observar de primera mano su entorno físico de trabajo
El éxito de una entrevista depende, principalmente, de:;Técnicas de Recolección de Datos;La habilidad del entrevistador y de su preparacion para la misma;La secuencia en la que se formulen las preguntas;La disposicion de mucho tiempo para llevarla a cabo;La utilizacion de un buen lenguaje tecnico;;;;;1;Una entrevista no es una conversación casual improvisada. Su éxito radica en que el analista siga un plan metodológico estricto: investigar el contexto del negocio, definir de antemano de 4 a 6 objetivos específicos de información, estructurar un flujo lógico de preguntas (embudo, pirámide o diamante) y dominar la conducción del diálogo frente al entrevistado
Los métodos ágiles son más efectivos cuando:;Metodologías Ágiles;El equipo de desarrollo esta altamente calificado y motivado y esta distribuido geograficamente;El proyecto es innovador, el cliente esta disponible e involucrado y el equipo esta altamente calificado y motivado;El proyecto es innovador y se tiene un equipo recien formado con niveles de habilidad muy limitadas;El proyecto es innovador, el cliente solo puede tener una limitada participacion y el equipo esta altamente calificado y motivado;;;;;2;El modelado ágil se fundamenta en iteraciones continuas y cortas, entregas frecuentes de software funcional y un control estricto del alcance a partir del feedback inmediato [cite: 24, 127]. Por ello, resulta sumamente efectivo cuando el cliente asume el demandante rol de estar físicamente en el sitio de desarrollo y el equipo cuenta con una alta calificación técnica y de comunicación para autogestionarse con éxito
Los Pilares del Control Empírico de procesos que utilizan las Propuestas Ágiles son:;Metodologías Ágiles;Alcance, tiempo y recursos;Visibilidad, inspeccion y adaptacion;Vulnerabilidad, inspeccion y adaptacion;Alcance, tiempo, recursos y calidad;;;;;2;"En Scrum (y la agilidad en general), el desarrollo no se basa en planes rígidos predictivos, sino en el control empírico (aprender sobre la marcha) [cite: 16, 17]. Este enfoque se sustenta en tres pilares obligatorios [cite: 17]:
Visibilidad (o Transparencia): Que todos los aspectos del proceso que afectan el resultado estén a la vista de los interesados [cite: 16, 17].
Inspección: Evaluar frecuentemente el estado del producto y los desvíos respecto a la meta [cite: 17].
Adaptación: Ajustar el proceso o el producto lo antes posible si se detectan variaciones inaceptables [cite: 17]."
La gráfica Burndown del Sprint es una herramienta utilizada por los equipos para:;Metodologías Ágiles;Calcular la cantidad restante del presupuesto del equipo;Medir el trabajo que falta completar durante un sprint;Medir el trabajo realizado durante un sprint;Identificar a los miembros del equipo de bajo rendimiento;;;;;2;El gráfico Burndown es una representación visual del progreso diario del equipo dentro del Sprint [cite: 20]. En su eje vertical se sitúa el trabajo restante (en puntos de historia) y en el horizontal el tiempo (días de iteración) [cite: 20]. Mide de forma descendente cuánto esfuerzo falta por completar para alcanzar el objetivo del sprint, ayudando a detectar rápidamente retrasos y cuellos de botella [cite: 20].
En Scrum el responsable de priorizar las funcionalidades de acuerdo con su valor para la organización es;Metodologías Ágiles;Cliente;Product Owner;Scrum Master;Team;;;;;2;El Product Owner es el único representante del negocio y del cliente frente al equipo de desarrollo [cite: 21]. Entre sus principales funciones está la de maximizar el valor del producto, lo que implica ser el responsable absoluto de ordenar y priorizar las funcionalidades del Product Backlog según el retorno de inversión y el valor estratégico que aportan a la organización [cite: 21].
Es uno de los procesos cognitivos implicado en la modelización, por el cual se extrae lo fundamental, se centra en algunos aspectos o cualidades y aislá o deja de lado otros con el objeto de crear los modelos que son una representación formalizada y subjetiva de la realidad;Modelado de Sistemas;Concentracion;Abstraccion;Conceptualizacion;Sincronizacion;;;;;2; Según la Unidad 4 de Modelado, la Abstracción es el proceso mental que permite a un analista centrar su atención en cualidades esenciales de un objeto del mundo real, ignorando de forma deliberada otros detalles secundarios o de implementación técnica con el fin de simplificar la realidad en un modelo formalizado [cite: 9].
Para visualizar los conceptos significativos para el dominio del problema y como se relacionan se utiliza:;Modelado de Sistemas;Modelo de Casos de Uso;Modelo Conceptual;Diagrama de Actividades;Diagrama de Casos de Uso del Negocio;;;;;2; El Modelo Conceptual es una representación de clases del mundo real (conceptos) que describe de manera gráfica y semántica el vocabulario del problema de negocio de forma independiente de la tecnología [cite: 30, 41]. Sirve como herramienta de comunicación para que el analista, los desarrolladores y los usuarios compartan el mismo entendimiento del dominio [cite: 30, 31].
Un Diagrama de Actividad solo puede tener una única actividad final;Modelado de Sistemas;Verdadero;Falso;;;;;;;2; En UML, un diagrama de actividades modela un flujo de trabajo. Aunque habitualmente inicia con un único nodo inicial, puede albergar múltiples nodos finales de actividad (Activity Final Nodes). Esto se debe a que un flujo puede ramificarse (mediante decisiones lógicas) y finalizar con éxito en distintos estados o escenarios de salida.
En modelo de dominio es mas importante identificar las asociaciones que los conceptos;Modelado de Sistemas;Verdadero;Falso;;;;;;;2;"Las directrices oficiales de la cátedra para construir un modelo de dominio indican textualmente: ""Es más importante identificar los conceptos que las asociaciones"" [cite: 40]. Llenar un diagrama con múltiples líneas de asociación genera ""ruido visual"" y dificulta la comprensión [cite: 40, 127]. Lo primordial es descubrir las entidades del negocio (conceptos/clases) y añadir únicamente las asociaciones que sean estrictamente necesarias recordar [cite: 40, 127, 129]."
Dentro de la orientación a objetos, ¿qué termino expresa que los datos de un objeto solo pueden ser manipulados mediante los mensajes y métodos predefinidos en el mismo?;Orientación a Objetos;Reusabilidad;Encapsulamiento;Persistencia;Herencia;;;;;2;El encapsulamiento (también llamado ocultamiento de información) es el mecanismo de diseño en POO que une los datos (atributos) y el comportamiento (métodos) en una sola entidad (el objeto), restringiendo el acceso directo a sus variables internas. La única forma autorizada de consultar o alterar el estado de un objeto es a través del envío de mensajes que disparen sus métodos públicos predefinidos.
En el Proceso Unificado de Desarrollo de Software:;Proceso Unificado;La dimension temporal del proceso se expresa en terminos de actividades, productos intermedios, perfiles de trabajo o roles y flujos de trabajo;La dimension temporal del proceso se expresa en terminos de ciclos, fases, iteraciones e hitos;La dimension estatica del proceso se expresa en terminos de ciclos, fases, iteraciones e hitos;En la dimension estatica, cada ciclo se compone de cuatro fases secuenciales (inicio, elaboracion, construccion y transicion);;;;;2; El Proceso Unificado se representa gráficamente en dos ejes. El eje horizontal (dinámico o temporal) organiza la vida del proyecto en términos de ciclos, fases, iteraciones e hitos, marcando el avance del tiempo. El eje vertical (estático o estructural) organiza el proceso en términos de disciplinas o flujos de trabajo (requisitos, análisis, diseño, etc.), actividades, roles y artefactos.
En el análisis del Proceso Unificado, con referencia a las Clases de Análisis, cuál de las siguientes afirmaciones es verdadera:;Proceso Unificado;Una clase entidad no puede aparecer en varias realizaciones de Caso de Uso;Cada clase de interfaz deberia asociarse con al menos un actor, y viceversa;Se debe identificar solo una clase Control de control por cada escenario del Caso de Uso;Se debe identificar solo una clse de Control por cada actor;;;;;2;" Las clases de interfaz (o boundary classes) sirven de puente entre el sistema y el mundo exterior. Por regla de diseño de RUP, cada clase de interfaz debe interactuar con al menos un actor, ya que de lo contrario no tendría sentido su existencia (nadie la usaría). A su vez, los actores solo pueden comunicarse con el sistema a través de estas interfaces, lo que valida la reciprocidad (""y viceversa"")."
En el Proceso Unificado, en todas las iteraciones se dedica aproximadamente el mismo esfuerzo a los distintos flujos de trabajo:;Proceso Unificado;Verdadero;Falso;;;;;;;2;RUP es un proceso iterativo e incremental donde el peso de los flujos de trabajo cambia constantemente. En las primeras fases (Inicio y Elaboración), el grueso del esfuerzo se concentra en la captura de requisitos y el análisis. A medida que el proyecto avanza hacia la fase de Construcción, el foco principal se traslada de forma masiva a la implementación y a las pruebas.
El sistema de información transaccional es el de mayor jerarquía en una organización;Sistemas de Información;Verdadero;Falso;;;;;;;2;Los Sistemas de Procesamiento de Transacciones (TPS) procesan las operaciones diarias y rutinarias de la organización (como facturas o depósitos). Al dar soporte al nivel operativo (la base de la empresa), se consideran los sistemas de menor jerarquía, mientras que los de nivel superior son los de soporte a decisiones gerenciales y estratégicas (MIS, DSS, ESS).
En el nivel superior de la Organización se necesita un gran volumen de información y que sea detallada.;Sistemas de Información;Verdadero;Falso;;;;;;;2; Los directores y ejecutivos del nivel estratégico toman decisiones complejas de largo plazo. Para ello, un exceso de datos detallados o transaccionales generaría parálisis por análisis. Lo que necesitan es información sintetizada, resumida, en forma de indicadores clave de rendimiento (KPIs) y proyecciones de mercado, no un gran volumen de información granular.
Si tiene que responder al primer llamado del gerente de una empresa que lo convoca como consultor para el desarrollo de un software, que tipo de técnica de recolección de datos usaría:;Técnicas de Recolección de Datos;Entrevista estructurada, y le enviaria con anticipacion las preguntas;Trataria de investigar el objeto del negocio, sus actividades principales y la estructura de la empresa utilizando diversas fuentes como internet, revistas, etc.;Convocaria a los jefes de Area para la realizacion de un Brainstorming;Entrevista No estructurada, las preguntas y los temas se los desarrollaran conforme la conversacion avance;Elaboraria un cuestionario y se lo enviaria por correo electronico para que lo complete;;;;2;Según Kendall & Kendall, un analista profesional nunca debe asistir a una primera reunión sin estar preparado. Antes de formular preguntas o sugerir metodologías, el analista debe investigar a fondo la identidad de la empresa, su rubro comercial y terminología básica mediante internet u otras fuentes. Esto demuestra profesionalismo y optimiza drásticamente el tiempo de la primera entrevista.
La técnica que posibilita evaluar lo que es dicho y como es dicho es;Técnicas de Recolección de Datos;Observacion;Entrevista;Cliente;Cuestionario;;;;;2;La entrevista es una herramienta interactiva sumamente rica porque permite la comunicación cara a cara. A diferencia de un cuestionario escrito, la entrevista permite al analista evaluar la comunicación no verbal del entrevistado: sus titubeos, su tono de voz, su entusiasmo o incomodidad ante ciertos temas, lo cual revela información cualitativa tan importante como los datos técnicos declarados.
Cuando la entrevista comienza con preguntas generales y abiertas y luego se van focalizando utilizando preguntas cerradas es;Técnicas de Recolección de Datos;No Estructurada;Con Estructura de Embudo;Con Estructura de Piramide;Con Estructura de Rombo;;;;;2;En las técnicas de entrevista de Kendall & Kendall, la estructura de embudo (funnel) es un método deductivo de organización de preguntas. Se inicia la sesión con preguntas muy abiertas y generales (para dar confianza y obtener opiniones cualitativas) y, de forma progresiva, el analista va cerrando y focalizando el diálogo con preguntas cerradas y específicas para precisar datos cuantitativos y técnicos.
Los proyectos de sistema inician:;Gestión de Proyectos;Cuando la organizacion tiene dinero disponible para invertir en tecnologia;Solo cuando la organizacion quiere resolver un problema;Cuando la organizacion tiene un problema a resolver o una oportunidad de mejorar;Siempre para resolver un problema que tiene la organizacion;;;;;3;Según el Capítulo 3 de Kendall & Kendall, los proyectos de sistemas en el mundo real no surgen de forma aleatoria por tener presupuesto libre [cite: 24]. Nacen por dos razones de negocio fundamentales: 1) resolver problemas que impiden a la organización alcanzar sus metas, o 2) aprovechar oportunidades para mejorar el rendimiento actual y ganar ventaja competitiva mediante nueva tecnología [cite: 24, 57].
Las actividades de XP son:;Metodologías Ágiles;Codificar, simpleza, escuchar y respeto;Comunicacion, simpleza, retroalimentacion y valentia;Codificar, probar, escuchar y diseñar;Comunicacion, diseñar, escuchar y probar;;;;;3;"Es vital no confundir los valores ágiles con las actividades en XP [cite: 88, 101]. Mientras que la comunicación, simpleza, retroalimentación y valentía son valores rectores [cite: 88]; las cuatro actividades técnicas obligatorias que realiza el equipo de desarrollo a diario para construir el software son precisamente Codificar, Probar, Escuchar y Diseñar [cite: 101]."
En el proceso de modelado se emplean procesos cognitivos de:;Modelado de Sistemas;Actualizacion, Conceptualizacion y Simbolizacion;Actualizacion, Concentracion y Simbolizacion;Abstraccion, Conceptualizacion y Simbolizacion;Abstraccion, Conceptualizacion y Sincronizacion;;;;;3;"En la Unidad 4 (Modelado de Sistemas), se enseña que para que un analista represente la realidad en un diagrama estructurado, su mente debe transitar de manera secuencial por tres procesos cognitivos:
Abstracción: Aislar detalles secundarios y centrarse en lo fundamental.
Conceptualización: Formar conceptos lógicos agrupando cualidades comunes.
Simbolización: Asignar símbolos gráficos estandarizados (como rectángulos, óvalos o flechas) para comunicar ese concepto de forma clara."
Un Caso de Uso:;Modelado de Sistemas;Muestra como el sistema internamente llevara a cabo cierta funcionalidad que es de valor para el actor;Representa un escenario posible cuando el actor utiliza el sistema con un objetivo;Esta asociado a uno o varios requisitos funcionales;Siempre esta asociado a un unico requisito funcional;;;;;3;Un caso de uso es un artefacto de requerimientos que agrupa un conjunto de escenarios de interacción [cite: 218]. Su propósito es dar una perspectiva externa y lógica que describa qué hace el sistema, por lo que se asocia de manera directa con uno o varios requisitos funcionales de software que especifican las acciones detalladas que el sistema debe poder ejecutar para aportar valor al actor
Cual de los siguientes NO es una propiedad del modelo orientado a objeto?;Orientación a Objetos;Abstraccion;Encapsulamiento;Independencia;Herencia;;;;;3;"Las propiedades estructurales que definen al paradigma de Orientación a Objetos son la Abstracción, el Encapsulamiento (u ocultamiento), la Herencia y el Polimorfismo [cite: 212, 361]. El concepto de ""Independencia"" no es un atributo formal del modelo, ya que de hecho, los objetos en POO no son independientes; por el contrario, colaboran activamente entre sí enviándose mensajes para lograr el funcionamiento del sistema [cite: 361]."
¿Cuándo NO será necesario hacer el modelo del negocio?;Proceso Unificado;El software por construir sera utilizado por una porcion importante de la organizacion;La organizacion ha enfrentado un reciente proceso de reingenieria de negocio;Los flujos de trabajo de la organizacion estan bien documentados;Existen flujos de trabajo completos dentro de la organizacion que no estan documentados;;;;;3;Bajo el marco del Proceso Unificado (RUP), el modelado de negocios es un artefacto de ingeniería opcional [cite: 587, 591]. Si la empresa ya tiene sus flujos de trabajo perfectamente documentados, actualizados y entendidos por los empleados, o si el sistema de software a construir tiene un alcance tan específico que no alterará la estructura corporativa, modelar el negocio de nuevo se considera una redundancia costosa que no aporta valor real al proyecto [cite: 591, 592].
Técnica que se puede utilizar con cualquier Stakeholder;Técnicas de Recolección de Datos;Prototipo;Usuario;Entrevista;Brainstorming;;;;;3;A diferencia de los cuestionarios (pensados para grandes masas de usuarios impersonales) o el JAD (que requiere un taller estructurado de diseño intensivo), la entrevista es la técnica interactiva más flexible de la ingeniería de requisitos. Se puede aplicar cara a cara con cualquier tipo de Stakeholder (interesado), desde el director estratégico de mayor jerarquía hasta el operador técnico de base, adaptando el lenguaje de la charla a la posición de cada interlocutor [cite: 241].
Cuál de las siguientes NO es una regla en la realización de brainstorming.;Técnicas de Recolección de Datos;Se debe generar un gran numero de ideas;Se debe alentar a los participantes a combinar o completar las ideas de otros participantes;Se evitan las ideas mas avanzadas y se impide a los participantes a generar nuevas ideas;Se prohibe la critica de ideas;;;;;3;El Brainstorming (tormenta de ideas) se rige por la premisa de la libre asociación [cite: 33]. Sus cuatro reglas clave según la cátedra son: prohibir la crítica, buscar generar un gran número de ideas, alentar la combinación y mejora de ideas ajenas, y dar la bienvenida a las ideas más descabelladas y avanzadas [cite: 33]. Por tanto, la opción 3 es la única que describe lo opuesto a una sesión efectiva [cite: 33].
Si al software le agregamos nuevas funcionalidades no contempladas en la implementación hacemos:;Mantenimiento de Software;Mantenimiento preventivo;Mantenimiento adaptativo;Mantenimiento correctivo;Mantenimiento perfectivo;;;;;4;Cuando el software ya está operativo y se decide incorporarle capacidades o funciones completamente nuevas que no formaron parte del desarrollo inicial, se está ejecutando un Mantenimiento Perfectivo. Este tipo de mantenimiento busca enriquecer y madurar el sistema a medida que surgen nuevos requerimientos del cliente.
El mantenimiento que muestra un síntoma negativo para un sistema es el:;Mantenimiento de Software;Mantenimiento adaptativo;Mantenimiento perfectivo;Mantenimiento preventivo;Mantenimiento correctivo;;;;;4;El Mantenimiento Correctivo es de naturaleza reactiva. A diferencia de los mantenimientos evolutivos o de optimización (perfectivo, preventivo y adaptativo), el correctivo se activa únicamente cuando se manifiesta un síntoma negativo en el sistema, es decir, un error, bug, comportamiento anómalo o falla en producción que impide el normal funcionamiento del software.
Que es una Historia de Usuario?;Metodologías Ágiles;"Una breve descripcion de ""hecho"", que pruebas se llevaron a cabo para poder decir que se ha completado con exito.";Una descripcion priorizada de todo lo que tiene que hacer el software;Un post-it que se utiliza para escribir la especificacion de requisitos;Una descripcion breve, de una funcionalidad del software tal y como la percibe el usuario;;;;;4; En las metodologías ágiles, la Historia de Usuario es la herramienta principal para capturar el alcance de forma ágil [cite: 16]. Se define como una descripción simplificada, en lenguaje de negocio, de una funcionalidad requerida tal y como la percibe el usuario final [cite: 9]. Sirve como una invitación al diálogo diario entre desarrolladores y el Product Owner
En Scrum la pregunta ¿Qué deberíamos mejorar? Corresponde a la reunión:;Metodologías Ágiles;de Planificacion;Revision;Diaria;Retrospectiva;;;;;4;"La Retrospectiva es la ceremonia final de Scrum orientada a la mejora continua del proceso y el equipo [cite: 26]. Al final de cada sprint, todos los miembros responden de forma colaborativa a dos preguntas clave [cite: 26]:
¿Qué cosas funcionaron bien en el último sprint? [cite: 26]
¿Qué cosas se podrían mejorar? (¿Qué deberíamos mejorar?) "
El Sprint Backlog esta compuesto de:;Metodologías Ágiles;Historias de Usuario;Epics;Temas o Items;Tareas;;;;;4;En el flujo de Scrum, las Historias de Usuario seleccionadas para ingresar en el Sprint se someten a una reunión de planificación (Sprint Planning) [cite: 24]. Allí, el equipo de desarrollo las descompone de forma física en Tareas técnicas de corta duración (escribir pruebas, diseñar interfaces, codificar métodos, configurar bases de datos) [cite: 8]. Estas tareas son las que componen operativamente el tablero de control del Sprint Backlog
Cual de las siguientes características NO corresponde a una de las que cualifica a las propuestas ágiles:;Metodologías Ágiles;El cliente forma parte del proceso de desarrollo;No existe un contrato tradicional, o al menos es bastante flexible;Esta especialmente preparada para cambios en el proyecto;El cliente interactua con el equipo de desarrollo mediante reuniones poco frecuentes y muy formales;;;;;4;"Uno de los principios fundamentales del Manifiesto Ágil es promover la conversación cara a cara y la colaboración diaria y estrecha con el cliente [cite: 67]. El cliente (o Product Owner) trabaja codo a codo en el sitio del proyecto [cite: 73, 205]. Por tanto, definir una dinámica de reuniones ""poco frecuentes y muy formales"" contradice por completo el espíritu de la agilidad."
En Orientación a Objetos ¿Cómo se denomina la clase que no tiene instancias?;Orientación a Objetos;Huerfana;No existen clases sin instancias;Invisible;Abstracta;;;;;4;En POO, una Clase Abstracta es un molde de diseño genérico de alto nivel que no puede ser instanciado directamente para crear un objeto físico [cite: 123, 144]. Su único objetivo es actuar como superclase o clase base para que otras clases especializadas (subclases concretas) hereden su estructura, atributos y métodos de manera reutilizable
Las fases del proceso unificado de desarrollo son:;Proceso Unificado;Investigacion, Desarrollo, Prueba, Implementacion;Requisitos, Analisis, Diseño, Implementacion y Prueba;Inicio, Investigacion, Construccion, Prueba;Inicio, Elaboracion, Construccion, Transicion;;;;;4;"El ciclo de vida del Proceso Unificado se estructura dinámicamente en cuatro fases secuenciales [cite: 15]:
Inicio (Inception): Se define el alcance, viabilidad y modelo inicial de casos de uso [cite: 11, 15].
Elaboración (Elaboration): Se diseña, implementa y prueba una arquitectura ejecutable y se mitigan riesgos técnicos [cite: 11, 15].
Construcción (Construction): Se desarrolla el sistema completo hasta lograr capacidad operativa [cite: 11].
Transición (Transition): Se despliega el software en el entorno del usuario"
En el análisis del proceso unificado las clases entidad:;Proceso Unificado;Modelan la interaccion entre el actor y el sistema a desarrollar;Modelan exclusivamente la interaccion del usuario y el sistema a desarrollar;Representa la logica de negocio asociada a la clase de control;Representa la informacion de larga vida en el sistema;;;;;4;UML y el Proceso Unificado clasifican las clases de análisis en tres tipos lógicos (Límite, Control y Entidad) [cite: 8]. Las clases entidad modelan y encapsulan la información de larga vida, persistente y significativa para el dominio [cite: 8]. Son el reflejo directo de las tablas y registros que sobrevivirán en la base de datos más allá de la sesión actual de ejecución del software
Fase en la que se realiza si es necesario la conversión de datos, entrenamiento de usuarios, corrección de defectos de la versión beta y ayuda en línea.;Proceso Unificado;Elaboracion;Inicio;Construccion;Transicion;;;;;4;La Fase de Transición tiene como propósito asegurar que el producto esté listo para su entrega a los usuarios finales [cite: 11]. Sus actividades clave son netamente de implantación e incluyen: la migración o conversión de bases de datos, el entrenamiento formal de los usuarios, el soporte o ayuda en línea y la corrección de los defectos o bugs reportados durante el período de prueba beta
Las Entrevistas según su objetivo se clasifican en;Técnicas de Recolección de Datos;Iniciales, de Reconocimiento y de seguridad;Iniciales, Estructuradas y No Estructuradas;Iniciales, de Seguimiento y No Estructuradas;Iniciales, de Recoleccion de datos y de seguimiento;;;;;4;"No confundas las clasificaciones. Según la cátedra de la UTN FRRE:
Por su Estructura: Se clasifican en Estructuradas, Semiestructuradas y No Estructuradas.
Por su Objetivo: Se clasifican secuencialmente en Iniciales (para exploración técnica inicial), de Recolección de Datos (para profundizar en los requerimientos del sistema) y de Seguimiento (para aclarar dudas puntuales tras analizar la información o validar especificaciones) "
Cuando se está haciendo un estudio preliminar y se desea medir la opinión general de muchas personas antes de que se determine el rumbo que tomara el proyecto de sistemas, es aconsejable la técnica:;Técnicas de Recolección de Datos;Entrevista;Brainstorming;Observacion;Cuestionario;;;;;4;Kendall & Kendall recomiendan utilizar los Cuestionarios bajo situaciones geográficas y de volumen muy específicas [cite: 102]. Es la técnica ideal cuando necesitas medir la opinión general de un grupo masivo de personas (población amplia) durante un estudio exploratorio preliminar, permitiendo establecer tendencias cuantitativas antes de diseñar entrevistas específicas y costosas
Cual de las siguientes NO es una ventaja de utilizar preguntas abiertas en una entrevista:;Técnicas de Recolección de Datos;Permiten mas espontaneidad;Hacen mas interesante las entrevistas para el entrevistado;Facilita mantener el control durante la entrevista;Revelan nuevas lineas de preguntas que pudieron haber pasado desapercibidas;;;;;3;"Según Kendall & Kendall (Capítulo 4), descubrir nuevas vías o líneas de cuestionamiento que de otro modo no se hubieran explotado es explícitamente una ventaja de las preguntas abiertas [cite: 73].
La respuesta teórica real: La opción correcta a marcar como ""NO es una ventaja"" es ""Facilita mantener el control durante la entrevista"" (Opción 3). Los autores detallan que una de las grandes desventajas de las preguntas abiertas es que el entrevistador puede llegar a perder el control de la entrevista [cite: 76], mientras que ""mantener el control"" es un beneficio exclusivo de las preguntas cerradas"
Identificar el concepto que corresponde a cada definicion;Conceptos Generales;Comprende todos los aspectos de la producción del software de calidad, desde las etapas iniciales de la especificación del sistema hasta el mantenimiento.;Componente de un sistema.;Conjunto de actividades para especificar, diseñar, implementar, validar, utilizar y mantener los sistemas socio-técnicos.; Debe entender el negocio, determinar el problema y analizar cómo resolverlo con la tecnología disponible.;"Estudia para conocer; el objetivo es el conocimiento.";"Conoce para trabajar; el objetivo es la producción.";;;"""Ingeniería de Software;Objetivo;Ingeniería de Sistemas;Ingeniero de Sistemas;Ciencia;Ingeniería""";"Esta correspondencia define con precisión los fundamentos epistemológicos y profesionales de tu carrera:
Ingeniería de Software: Disciplina enfocada en la producción sistemática de programas informáticos de alta calidad, desde la especificación inicial de requerimientos hasta el soporte y mantenimiento preventivo/correctivo.
Objetivo: Elemento indispensable de un sistema que representa su propósito o razón de ser.
Ingeniería de Sistemas: Enfoque holístico para diseñar, validar y mantener sistemas complejos socio-técnicos (que integran software, hardware, organizaciones y personas).
Ingeniero de Sistemas: Profesional capacitado para entender el negocio, definir el dominio del problema y estructurar soluciones apoyadas en la tecnología disponible.
Ciencia: Disciplina académica orientada a ""saber"", cuya única meta es la búsqueda constante y rigurosa del conocimiento racional para explicar nuestro entorno físico.
Ingeniería: Actividad netamente práctica orientada al ""hacer"", que toma y aplica los conocimientos de la ciencia bajo restricciones de costos y recursos para satisfacer necesidades reales de la sociedad."
Cuales de las siguientes afirmaciones sobre las Tecnologías de la Información y las Comunicaciones son correctas:;Sistemas de Información;Pueden influenciar en la determinacion de la estrategia del negocio;La inversion en ellas debe estar en funcion a la utilizacion y aprovechamiento que se dara a las mismas;Siempre debemos utilizar tecnologias de punta (la ultima que salio al mercado) y adaptar las organizaciones y sistemas de informacion a ellas;Son inocuas, pueden introducirse sin cambiar, se sigue haciendo lo mismo que antes y de la misma manera, solo que utilizando una tecnologia diferente;Son independientes a las estrategias;;;;"1;2";"La tecnología no es neutral; aporta su propia ""idiosincrasia"", obligando a las organizaciones a repensar y rediseñar sus procesos de negocio en lugar de hacer simplemente ""lo mismo de antes"" de forma automatizada [cite: 143]. Por ende, las TICs influyen directamente en la estrategia comercial y competitiva (1) [cite: 143]. Asimismo, la inversión en ellas no garantiza éxito por sí sola; debe estar alineada al nivel de utilización y madurez de la empresa para asimilarlas (2)"
Identifique cuales de las siguientes opciones son ventajas de la Observación del ambiente de trabajo como técnica de recolección:;Técnicas de Recolección de Datos;Son un complemento util ya que algunas veces es dificil explicar claramente con palabras las tareas complejas;Los datos recabados basandose en la observacion pueden ser muy confiables ya que se puede ver exactamente lo que se esta haciendo;Aseguran que el trabajo que se este observando incluya el nivel de dificultad o todo el volumen normal;Posibilita que la persona se sienta comoda cuando esta siendo vigilada, y entonces se comporta de las misma manera que cuando no esta siendo observada;Dan la seguridad que las tareas siempre seran desempeñadas en la manera en que las observa el analista de sistemas;;;;"1;2";"Según Kendall & Kendall, observar el puesto de trabajo es sumamente confiable porque el analista ve directamente lo que el usuario hace, eliminando sesgos de opinión (2). Funciona como un complemento ideal de las entrevistas para desentrañar tareas muy complejas que al usuario le cuesta explicar formalmente (1).
¿Por qué no las otras? La observación es una foto temporal; no asegura ver flujos pico o casos de dificultad máxima. Además, el Efecto Hawthorne explica que las personas vigiladas tienden a comportarse de forma artificial o incómoda, alterando su comportamiento natural."
Todo objeto tiene ______. / ______ es el conjunto de mensajes a los cuales un objeto puede responder. / El ______ de un objeto condiciona sus ______ comportamientos. / Al enviarle un ______ a un objeto, este responde activando el ______ asociado.;Orientación a Objetos;1. identidad + estado + comportamiento;2. Protocolo;3. Estado;4. futuros;5. Mensaje;6. Metodo;;;"1;2;3;4;5;6";"Explicación: Esta secuencia de oraciones resume los pilares dinámicos de la OO:
Todo objeto posee de forma indivisible identidad, estado y comportamiento [cite: 153].
El Protocolo es la interfaz o catálogo de mensajes que el objeto puede procesar [cite: 156].
El Estado actual del objeto (el valor de sus atributos) condiciona cómo responderá a sus futuros comportamientos [cite: 153].
Al recibir un Mensaje, el objeto ejecuta el código dinámico del Método correspondiente [cite: 154]."
Qué objetivos perseguimos cuando a partir de la realidad construimos un MODELO DEL SISTEMA EXISTENTE?;Modelado de Sistemas;Utilizarlo durante la ingenieria de requisitos ya que conducen a los requisitos para el nuevo sistema.;Discutir las propuestas de diseño y documentar el sistema para la implementacion;Utilizarlo como base para discutir sus fortalezas y debilidades;Entenderlo y aclarar lo que hace el sistema existente;Explicar los requisitos propuestos a otros participantes del sistema.;;;;"1;3";"Al modelar el sistema ""tal como está"" (As-Is), se busca mapear el dominio real para revelar oportunidades de mejora que guiarán la especificación del nuevo sistema (1). Este modelo actúa como una representación abstracta estructurada que permite a los diseñadores y clientes sentarse a discutir analíticamente cuáles son las fortalezas y debilidades del proceso actual"
Cual de los siguientes Artefactos son responsabilidad del Analista en el Proceso Unificado?;Proceso Unificado;Modelo de Casos de Uso;Descripcion de la arquitectura;Glosario de Terminos;Realizacion de Casos de Uso;Paquetes de Analisis;;;;"1;3";"En RUP, el Analista de Sistemas tiene el rol de delimitar el alcance. Por lo tanto, es el dueño y responsable del Modelo de Casos de Uso (1) y de unificar el vocabulario en el Glosario de Términos (3) [cite: 12, 13].
¿De quién son las otras responsabilidades? La Descripción de la Arquitectura y los Paquetes de Análisis son responsabilidad del Arquitecto [cite: 0]; mientras que las Realizaciones de Casos de Uso (diagramas de secuencia/colaboración técnicos) son tarea del Diseñador"
Cuales de las siguientes alternativas reflejan alguna de las características propias de un Sistema de Soporte a las Decisiones?;Sistemas de Información;Son sistemas de informacion interactivos y amigables, con altos estandares de diseño grafico y visual;Son faciles de justificar ante la direccion general, ya que sus beneficios son visibles y cuantificables en el corto plazo;Suelen ser intensivos en calculos y escasos en entradas y salidas de informacion, la cual toman de los sistemas transaccionales;Son facilmente adaptables a paquetes de aplicacion que se encuentran en el mercado;Son el primer tipo de sistemas de informacion que se implanta en las organizaciones;Apoyan el proceso de innovacion de productos y procesos dentro de la empresa, debido a que buscan ventajas respecto de los;;;"1;3";Un DSS se caracteriza por proveer entornos interactivos, intuitivos y con un diseño visual de alta calidad para no entorpecer la labor analítica del decisor (1) [cite: 38]. Además, operan de forma intensiva en cálculos matemáticos y estadísticos (simulaciones, proyecciones) utilizando un volumen bajo de entradas directas, ya que absorben el grueso de los datos históricos desde los sistemas transaccionales (TPS) subyacentes (3)
"Identifique entre las siguientes cuales son una de las Propiedades o características fundamentales que tiene un ""objeto""";Orientación a Objetos;Herencia;Estado;Agregacion;Identidad;Generalizacion;Comportamiento;;;"2;4;6";"Explicación: Por definición de la orientación a objetos, un objeto es un elemento atómico de diseño que posee obligatoriamente:
Estado (2): Representado por sus variables de instancia y atributos internos [cite: 153].
Identidad (4): La cualidad que lo hace único y distinguible de cualquier otro objeto, incluso si tienen idéntico estado [cite: 153].
Comportamiento (6): Definido por las operaciones (métodos) que sabe ejecutar [cite: 153]."
"Cuales de las siguientes alternativas reflejan alguna de las
caracteristicas propias de un Sistema de Soporte a las Decisiones?";;"Apoyan el proceso de innovacion de productos y procesos dentro de la empresa,
debido a que buscan ventajas respecto de los";"Son sistemas de informacion interactivos y amigables, con altos estandares de
diseño grafico y visual";"Son faciles de justificar ante la direccion general, ya que sus beneficios son visibles
y cuantificables en el corto plazo";"Son el primer tipo de sistemas de informacion que se implanta en las
organizaciones";"Son facilmente adaptables a paquetes de aplicacion que se encuentran en el
mercado";"Suelen ser intensivos en calculos y escasos en entradas y salidas de
informacion, la cual toman de los sistemas transaccionales";;;"2;6";"Opción 2 (Correcta): ""Son sistemas de información interactivos y amigables, con altos estándares de diseño gráfico y visual"" [cite: 15, 57, 182].
Justificación: Los DSS están diseñados para ser operados directamente por el usuario final (directivos y mandos medios) sin intermediación de técnicos, requiriendo interfaces sumamente intuitivas [cite: 14, 15, 57, 181, 182, 183].
Opción 6 (Correcta): ""Suelen ser intensivos en cálculos y escasos en entradas y salidas de información, la cual toman de los sistemas transaccionales"" [cite: 15, 57, 181].
Justificación: A diferencia de los sistemas transaccionales, un DSS requiere pocos datos de entrada (generalmente extraídos de las bases de datos de los TPS/transaccionales), pero realiza un procesamiento matemático de alta complejidad para generar simulaciones, análisis de sensibilidad (""What-If"") y proyecciones [cite: 15, 57, 134, 181, 226].
¿Por qué las demás opciones son incorrectas?
Opción 3: ""Son fáciles de justificar ante la dirección general, ya que sus beneficios son visibles y cuantificables en el corto plazo"" [cite: 12, 179].
La verdad: Esta es una característica de los Sistemas Transaccionales [cite: 11, 12, 56, 178, 179]. Los DSS son, de hecho, difíciles de justificar económicamente porque sus beneficios no son inmediatos y se asocian con decisiones de mediano y largo plazo [cite: 15, 57, 182].
Opción 4: ""Son el primer tipo de sistemas de información que se implanta en las organizaciones"" [cite: 11, 178].
La verdad: Característica de los Sistemas Transaccionales, los cuales construyen la plataforma de datos obligatoria para que un DSS pueda operar posteriormente [cite: 11, 14, 56, 178, 181, 215].
Opción 5: ""Son fácilmente adaptables a paquetes de aplicación que se encuentran en el mercado"" [cite: 13, 180, 215].
La verdad: Característica de los Sistemas Transaccionales, dado que automatizan operaciones básicas y estandarizadas que son comunes en casi todas las organizaciones (como facturación o nómina) [cite: 13, 180, 215]."
"Identifique en la lista que aparece al pie, los distintos pasos para la resolución de problemas. Arrastrarlos y ordénelos en la secuencia que corresponda:";"Resolución de Problemas";"Planear la operación y ponerla en marcha";"Definir claramente el problema (Redefinir)";"Proponer Soluciones";"Evaluar los resultados";"Conocimiento de las causas del problema";"Evaluar y seleccionar soluciones";"Determinar el problema y sus asociados";"";"7;2;5;3;6;1;4";"Pasos ordenados para la resolución de problemas:
1) Determinar el problema y sus asociados
2) Definir claramente el problema (Redefinir)
3) Conocimiento de las causas del problema
4) Proponer Soluciones
5) Evaluar y seleccionar soluciones
6) Planear la operación y ponerla en marcha
7) Evaluar los resultados"
"Ordenar los pasos del proceso de resolución de problemas en la secuencia correcta:";Resolución de Problemas;"Evaluar los resultados";"Conocimiento de las causas del problema";"Planear la operación y ponerla en marcha";"Definir claramente el problema (Redefinir el problema)";"Proponer soluciones alternativas";"Determinar el problema y sus asociados";"Evaluar y seleccionar soluciones";;;"Determinar el problema y sus asociados";"Conocimiento de las causas del problema";"Definir claramente el problema (Redefinir el problema)";"Proponer soluciones alternativas";"Evaluar y seleccionar soluciones";"Planear la operación y ponerla en marcha";"Evaluar los resultados";"Orden correcto del proceso de resolución de problemas:
1) Determinar el problema y sus asociados
2) Conocimiento de las causas del problema
3) Definir claramente el problema (Redefinir)
4) Proponer soluciones alternativas
5) Evaluar y seleccionar soluciones
6) Planear la operación y ponerla en marcha
7) Evaluar los resultados"
"Ordenar las fases del Proceso Unificado (RUP) en su secuencia correcta (macro-orden):";Proceso Unificado;"Transición (Transition)";"Construcción (Construction)";"Elaboración (Elaboration)";"Inicio (Inception)";;;"Inicio (Inception)";"Elaboración (Elaboration)";"Construcción (Construction)";"Transición (Transition)";"El ciclo de vida del Proceso Unificado se estructura en cuatro fases secuenciales:
1) Inicio (Inception): viabilidad y alcance
2) Elaboración (Elaboration): arquitectura base y mitigación de riesgos
3) Construcción (Construction): desarrollo iterativo masivo
4) Transición (Transition): despliegue y entrega al usuario"
"Ordenar las fases del Proceso Unificado según su definición correspondiente:";Proceso Unificado;"Transición (Transition): Se despliega el software, se entrena a los usuarios, se corrigen defectos de versiones beta y se entrega el sistema operativo";"Construcción (Construction): Se realiza el desarrollo masivo del código y de las funcionalidades del sistema de forma iterativa";"Elaboración (Elaboration): Se analiza a fondo el dominio del problema y se construye una línea base de la arquitectura para mitigar los riesgos técnicos";"Inicio (Inception): Se define el alcance, se identifican los actores y casos de uso críticos, y se determina la viabilidad del proyecto";;;"Inicio (Inception): Se define el alcance, se identifican los actores y casos de uso críticos, y se determina la viabilidad del proyecto";"Elaboración (Elaboration): Se analiza a fondo el dominio del problema y se construye una línea base de la arquitectura para mitigar los riesgos técnicos";"Construcción (Construction): Se realiza el desarrollo masivo del código y de las funcionalidades del sistema de forma iterativa";"Transición (Transition): Se despliega el software, se entrena a los usuarios, se corrigen defectos de versiones beta y se entrega el sistema operativo";"Cada fase del Proceso Unificado tiene un objetivo específico:
Inicio → Elaboración → Construcción → Transición"
"Ordenar las disciplinas de la mini-cascada de cada iteración del Proceso Unificado en su secuencia correcta:";Proceso Unificado;"Implementación (Codificación): Se escribe el código fuente de los componentes y clases planificadas";"Diseño: Se define la arquitectura física e interna del software para el incremento";"Pruebas e Integración: Se integra el nuevo código con el anterior y se ejecutan las pruebas de calidad";"Análisis: Se refina la comprensión interna de los requisitos y se distribuye el comportamiento";"Requisitos: Se planifica y se especifican los casos de uso seleccionados para esa iteración";;;"Requisitos: Se planifica y se especifican los casos de uso seleccionados para esa iteración";"Análisis: Se refina la comprensión interna de los requisitos y se distribuye el comportamiento";"Diseño: Se define la arquitectura física e interna del software para el incremento";"Implementación (Codificación): Se escribe el código fuente de los componentes y clases planificadas";"Pruebas e Integración: Se integra el nuevo código con el anterior y se ejecutan las pruebas de calidad";"El micro-orden o mini-cascada de cada iteración del Proceso Unificado:
1) Requisitos
2) Análisis
3) Diseño
4) Implementación (Codificación)
5) Pruebas e Integración"
